frame,x,y,w,h,conf
0,75.00,210.00,14.00,19.00,0.67
1,75.00,210.00,14.00,19.00,0.69
3,459.00,225.00,23.00,34.00,0.67
6,75.00,210.00,14.00,19.00,0.68
7,75.00,212.00,14.00,18.00,0.66
10,75.00,211.00,15.00,18.00,0.70
12,75.00,210.00,14.00,19.00,0.67
16,75.00,210.00,14.00,19.00,0.66
17,75.00,210.00,14.00,19.00,0.65
19,75.00,210.00,14.00,19.00,0.66
22,75.00,210.00,14.00,19.00,0.68
27,75.00,210.00,14.00,19.00,0.65
35,74.00,211.00,13.00,18.00,0.65
43,74.00,210.00,14.00,19.00,0.68
49,74.00,211.00,13.00,18.00,0.66
51,75.00,210.00,14.00,19.00,0.66
61,75.00,211.00,14.00,18.00,0.66
64,74.00,210.00,15.00,20.00,0.67
65,74.00,211.00,13.00,18.00,0.69
67,74.00,210.00,15.00,19.00,0.66
68,75.00,211.00,14.00,18.00,0.67
70,74.00,211.00,13.00,18.00,0.66
78,75.00,210.00,14.00,19.00,0.67
79,75.00,211.00,14.00,18.00,0.66
81,459.00,226.00,23.00,35.00,0.69
88,95.00,234.00,19.00,28.00,0.70
89,96.00,234.00,20.00,28.00,0.80
91,491.00,248.00,16.00,23.00,0.71
115,323.00,248.00,16.00,23.00,0.69
117,491.00,248.00,16.00,24.00,0.67
118,491.00,249.00,16.00,24.00,0.65
119,491.00,248.00,16.00,24.00,0.70
120,491.00,248.00,17.00,23.00,0.72
121,49.00,211.00,32.00,33.00,0.82
122,87.00,212.00,31.00,35.00,0.82
123,120.00,214.00,31.00,36.00,0.84
124,160.00,214.00,31.00,35.00,0.83
125,193.00,215.00,30.00,34.00,0.85
126,219.00,218.00,30.00,38.00,0.89
127,257.00,223.00,31.00,40.00,0.83
128,277.00,225.00,32.00,41.00,0.86
129,312.00,226.00,29.00,37.00,0.83
130,338.00,227.00,26.00,33.00,0.78
131,362.00,229.00,30.00,38.00,0.80
132,381.00,229.00,29.00,36.00,0.80
133,394.00,228.00,32.00,40.00,0.84
134,409.00,229.00,34.00,40.00,0.78
135,422.00,228.00,28.00,37.00,0.78
136,425.00,228.00,33.00,38.00,0.80
137,425.00,229.00,31.00,36.00,0.73
138,423.00,228.00,27.00,37.00,0.80
139,408.00,227.00,31.00,38.00,0.83
140,393.00,225.00,23.00,35.00,0.80
141,362.00,223.00,29.00,38.00,0.82
142,327.00,221.00,31.00,39.00,0.80
143,298.00,219.00,32.00,40.00,0.86
144,255.00,217.00,30.00,36.00,0.86
145,206.00,216.00,31.00,37.00,0.87
146,143.00,216.00,32.00,37.00,0.86
147,99.00,219.00,34.00,40.00,0.74
148,52.00,216.00,35.00,39.00,0.77
149,7.00,217.00,15.00,28.00,0.75
153,491.00,249.00,15.00,21.00,0.74
154,491.00,250.00,16.00,22.00,0.75
155,491.00,249.00,17.00,22.00,0.69
156,323.00,248.00,16.00,23.00,0.66
158,322.00,248.00,15.00,23.00,0.68
159,10.00,211.00,21.00,29.00,0.79
160,51.00,216.00,35.00,38.00,0.78
161,96.00,225.00,35.00,43.00,0.85
162,156.00,232.00,31.00,36.00,0.79
163,202.00,236.00,28.00,32.00,0.78
165,305.00,236.00,22.00,32.00,0.69
168,444.00,230.00,23.00,33.00,0.77
169,475.00,229.00,22.00,32.00,0.79
173,475.00,226.00,25.00,34.00,0.71
174,467.00,226.00,27.00,37.00,0.82
175,442.00,226.00,27.00,36.00,0.79
176,411.00,224.00,30.00,37.00,0.77
177,384.00,224.00,31.00,39.00,0.82
178,362.00,225.00,22.00,33.00,0.80
179,319.00,224.00,29.00,36.00,0.81
180,278.00,224.00,31.00,40.00,0.88
181,246.00,223.00,32.00,40.00,0.83
182,196.00,222.00,32.00,42.00,0.85
183,152.00,222.00,34.00,43.00,0.82
184,110.00,221.00,34.00,42.00,0.88
185,58.00,221.00,37.00,46.00,0.87
195,6.00,215.00,13.00,24.00,0.72
196,20.00,216.00,33.00,39.00,0.74
197,74.00,217.00,34.00,41.00,0.83
198,115.00,219.00,35.00,40.00,0.72
199,149.00,220.00,34.00,42.00,0.82
200,193.00,218.00,33.00,39.00,0.86
201,246.00,221.00,32.00,41.00,0.85
202,280.00,223.00,32.00,41.00,0.87
203,324.00,224.00,32.00,41.00,0.84
204,367.00,221.00,26.00,33.00,0.76
205,410.00,221.00,21.00,30.00,0.79
206,439.00,221.00,33.00,40.00,0.79
207,477.00,220.00,30.00,36.00,0.74
208,506.00,220.00,26.00,35.00,0.76
213,461.00,217.00,33.00,36.00,0.76
214,448.00,218.00,30.00,36.00,0.78
215,431.00,220.00,32.00,39.00,0.79
216,416.00,218.00,25.00,33.00,0.79
217,394.00,217.00,32.00,39.00,0.85
218,380.00,217.00,29.00,36.00,0.84
219,358.00,210.00,31.00,31.00,0.82
220,337.00,211.00,31.00,32.00,0.84
221,322.00,214.00,30.00,38.00,0.80
222,303.00,212.00,27.00,33.00,0.84
223,285.00,209.00,27.00,29.00,0.87
224,270.00,208.00,25.00,25.00,0.81
225,260.00,207.00,25.00,26.00,0.74
226,490.00,247.00,17.00,26.00,0.65
227,490.00,246.00,17.00,27.00,0.66
231,630.00,217.00,20.00,35.00,0.66
232,630.00,217.00,20.00,33.00,0.66
235,213.00,208.00,28.00,29.00,0.81
236,212.00,217.00,31.00,36.00,0.83
237,211.00,226.00,33.00,42.00,0.87
238,213.00,228.00,32.00,41.00,0.88
239,216.00,229.00,33.00,40.00,0.87
240,227.00,230.00,30.00,38.00,0.86
241,236.00,229.00,30.00,38.00,0.85
242,254.00,230.00,29.00,37.00,0.83
243,275.00,231.00,31.00,40.00,0.83
244,289.00,231.00,30.00,38.00,0.85
245,308.00,232.00,30.00,38.00,0.73
246,321.00,231.00,30.00,38.00,0.85
247,329.00,229.00,31.00,39.00,0.86
248,337.00,229.00,31.00,39.00,0.82
249,341.00,229.00,32.00,41.00,0.86
250,340.00,228.00,33.00,41.00,0.84
251,338.00,228.00,33.00,41.00,0.84
252,334.00,228.00,28.00,36.00,0.81
253,325.00,229.00,31.00,39.00,0.79
254,314.00,229.00,28.00,36.00,0.87
255,301.00,231.00,28.00,36.00,0.81
256,288.00,232.00,27.00,35.00,0.82
257,278.00,230.00,29.00,37.00,0.80
258,271.00,233.00,29.00,36.00,0.78
259,267.00,231.00,29.00,33.00,0.82
260,267.00,231.00,30.00,34.00,0.83
261,270.00,230.00,28.00,35.00,0.81
262,276.00,231.00,30.00,40.00,0.84
263,289.00,231.00,29.00,38.00,0.86
264,303.00,230.00,27.00,34.00,0.81
265,329.00,232.00,27.00,36.00,0.81
266,362.00,230.00,25.00,34.00,0.83
267,392.00,229.00,23.00,34.00,0.77
268,420.00,229.00,32.00,40.00,0.81
269,455.00,225.00,19.00,29.00,0.76
270,472.00,228.00,34.00,41.00,0.73
271,488.00,227.00,34.00,41.00,0.81
272,499.00,229.00,29.00,38.00,0.77
273,498.00,224.00,20.00,30.00,0.75
274,481.00,225.00,32.00,40.00,0.79
275,466.00,219.00,20.00,28.00,0.75
276,435.00,224.00,26.00,34.00,0.76
277,400.00,221.00,24.00,32.00,0.75
278,364.00,223.00,30.00,38.00,0.77
279,326.00,222.00,31.00,39.00,0.82
280,277.00,220.00,33.00,41.00,0.80
281,227.00,221.00,31.00,40.00,0.83
282,177.00,221.00,33.00,40.00,0.85
283,131.00,220.00,34.00,41.00,0.84
284,89.00,221.00,35.00,44.00,0.87
285,57.00,220.00,35.00,44.00,0.84
286,38.00,221.00,34.00,43.00,0.77
287,24.00,219.00,33.00,40.00,0.85
288,19.00,218.00,33.00,41.00,0.82
289,24.00,220.00,33.00,43.00,0.85
290,41.00,219.00,34.00,42.00,0.81
291,67.00,217.00,35.00,40.00,0.83
292,90.00,218.00,35.00,41.00,0.85
293,131.00,218.00,34.00,41.00,0.84
294,171.00,220.00,32.00,41.00,0.88
295,204.00,220.00,31.00,40.00,0.89
296,258.00,220.00,31.00,39.00,0.81
297,307.00,221.00,32.00,39.00,0.77
298,359.00,217.00,26.00,33.00,0.70
299,407.00,218.00,30.00,36.00,0.78
300,454.00,219.00,33.00,39.00,0.75
301,502.00,219.00,36.00,41.00,0.68
305,498.00,216.00,28.00,35.00,0.79
306,473.00,215.00,31.00,36.00,0.84
307,440.00,216.00,31.00,37.00,0.87
308,393.00,218.00,31.00,38.00,0.87
309,369.00,214.00,30.00,32.00,0.73
310,321.00,215.00,31.00,36.00,0.79
311,491.00,249.00,17.00,22.00,0.72
312,218.00,216.00,30.00,36.00,0.87
313,162.00,212.00,31.00,33.00,0.84
314,106.00,214.00,32.00,37.00,0.80
315,62.00,215.00,32.00,36.00,0.84
316,491.00,249.00,16.00,22.00,0.74
317,491.00,250.00,15.00,21.00,0.70
318,491.00,249.00,16.00,21.00,0.73
319,490.00,249.00,17.00,22.00,0.77
320,494.00,250.00,12.00,19.00,0.67
325,38.00,216.00,34.00,37.00,0.79
326,77.00,216.00,33.00,38.00,0.87
327,143.00,217.00,32.00,36.00,0.83
328,188.00,217.00,31.00,38.00,0.89
330,303.00,217.00,32.00,37.00,0.85
331,350.00,217.00,30.00,34.00,0.77
332,415.00,218.00,29.00,34.00,0.76
333,471.00,219.00,25.00,34.00,0.78
334,506.00,222.00,25.00,34.00,0.73
335,507.00,218.00,23.00,31.00,0.66
337,497.00,220.00,23.00,33.00,0.75
338,480.00,220.00,23.00,30.00,0.77
339,438.00,219.00,33.00,38.00,0.78
340,403.00,215.00,33.00,33.00,0.70
341,360.00,217.00,30.00,36.00,0.84
342,320.00,218.00,30.00,36.00,0.85
343,284.00,216.00,28.00,34.00,0.84
344,237.00,214.00,29.00,34.00,0.85
345,191.00,214.00,31.00,35.00,0.85
346,143.00,214.00,31.00,34.00,0.74
347,96.00,216.00,33.00,36.00,0.72
348,39.00,218.00,33.00,41.00,0.79
349,4.00,220.00,9.00,24.00,0.71
361,33.00,226.00,37.00,44.00,0.82
362,97.00,223.00,34.00,39.00,0.78
363,163.00,223.00,33.00,43.00,0.83
364,220.00,222.00,30.00,38.00,0.88
365,267.00,223.00,30.00,39.00,0.87
366,327.00,223.00,31.00,40.00,0.84
367,394.00,220.00,23.00,32.00,0.76
370,536.00,217.00,30.00,35.00,0.69
371,491.00,249.00,17.00,22.00,0.76
372,491.00,249.00,16.00,22.00,0.76
373,491.00,250.00,16.00,22.00,0.75
374,543.00,213.00,35.00,37.00,0.77
375,491.00,249.00,16.00,22.00,0.75
376,491.00,250.00,16.00,22.00,0.75
377,491.00,249.00,17.00,22.00,0.76
378,490.00,249.00,17.00,22.00,0.76
379,491.00,248.00,18.00,23.00,0.72
380,490.00,248.00,18.00,23.00,0.72
381,489.00,248.00,19.00,23.00,0.73
382,490.00,248.00,18.00,23.00,0.69
384,487.00,207.00,29.00,29.00,0.68
385,451.00,208.00,31.00,28.00,0.74
386,424.00,211.00,30.00,31.00,0.80
387,376.00,211.00,29.00,32.00,0.75
388,322.00,212.00,29.00,34.00,0.75
389,285.00,210.00,27.00,29.00,0.85
390,490.00,248.00,19.00,23.00,0.71
391,187.00,208.00,27.00,29.00,0.86
392,142.00,212.00,29.00,32.00,0.86
393,94.00,211.00,28.00,31.00,0.87
394,57.00,211.00,29.00,32.00,0.84
395,22.00,208.00,30.00,27.00,0.75
396,9.00,211.00,19.00,28.00,0.80
404,33.00,232.00,33.00,39.00,0.83
405,57.00,232.00,33.00,37.00,0.73
406,92.00,232.00,31.00,37.00,0.84
407,124.00,232.00,33.00,38.00,0.86
408,168.00,229.00,34.00,41.00,0.77
409,207.00,229.00,30.00,38.00,0.84
410,246.00,227.00,31.00,39.00,0.86
411,302.00,226.00,28.00,34.00,0.76
412,363.00,225.00,19.00,29.00,0.80
413,429.00,226.00,25.00,32.00,0.69
414,490.00,225.00,26.00,35.00,0.79
421,506.00,223.00,35.00,42.00,0.75
422,503.00,222.00,24.00,35.00,0.77
423,491.00,223.00,22.00,32.00,0.82
424,473.00,225.00,27.00,35.00,0.69
426,440.00,224.00,28.00,36.00,0.79
427,423.00,223.00,25.00,35.00,0.78
428,397.00,222.00,28.00,33.00,0.74
429,365.00,224.00,27.00,34.00,0.78
430,336.00,224.00,30.00,38.00,0.81
431,307.00,225.00,32.00,40.00,0.84
432,281.00,225.00,29.00,37.00,0.88
433,251.00,228.00,30.00,38.00,0.87
434,218.00,228.00,29.00,38.00,0.89
435,185.00,229.00,33.00,41.00,0.89
436,153.00,229.00,33.00,40.00,0.88
437,123.00,228.00,32.00,39.00,0.89
438,96.00,227.00,34.00,41.00,0.86
439,70.00,228.00,36.00,42.00,0.85
440,47.00,228.00,35.00,42.00,0.86
441,23.00,230.00,33.00,40.00,0.84
442,16.00,231.00,31.00,40.00,0.72
443,11.00,232.00,23.00,35.00,0.75
445,18.00,230.00,32.00,39.00,0.80
446,31.00,229.00,33.00,42.00,0.86
447,54.00,227.00,35.00,41.00,0.85
448,71.00,228.00,35.00,43.00,0.85
449,103.00,228.00,34.00,41.00,0.85
450,135.00,227.00,33.00,42.00,0.88
451,170.00,228.00,32.00,40.00,0.88
452,221.00,226.00,30.00,37.00,0.85
453,250.00,225.00,29.00,36.00,0.86
454,287.00,225.00,29.00,37.00,0.82
455,323.00,226.00,32.00,41.00,0.83
456,368.00,221.00,23.00,30.00,0.75
457,398.00,222.00,26.00,32.00,0.76
458,426.00,224.00,24.00,34.00,0.82
459,440.00,225.00,29.00,37.00,0.84
460,457.00,226.00,29.00,37.00,0.83
461,466.00,226.00,32.00,41.00,0.80
462,477.00,224.00,20.00,29.00,0.81
463,475.00,225.00,21.00,31.00,0.79
464,473.00,226.00,22.00,34.00,0.74
465,458.00,224.00,33.00,37.00,0.79
466,450.00,222.00,22.00,31.00,0.77
467,432.00,223.00,23.00,32.00,0.75
468,411.00,225.00,22.00,32.00,0.83
469,386.00,224.00,22.00,30.00,0.78
470,353.00,225.00,30.00,38.00,0.82
471,318.00,223.00,30.00,37.00,0.82
472,295.00,224.00,29.00,37.00,0.86
473,266.00,225.00,29.00,37.00,0.87
474,237.00,225.00,30.00,38.00,0.82
475,220.00,225.00,30.00,37.00,0.87
476,197.00,226.00,31.00,41.00,0.89
477,181.00,226.00,32.00,41.00,0.87
478,175.00,225.00,32.00,39.00,0.85
479,170.00,225.00,32.00,39.00,0.88
480,173.00,224.00,30.00,37.00,0.83
481,179.00,226.00,33.00,41.00,0.86
482,186.00,226.00,31.00,39.00,0.89
483,198.00,224.00,32.00,41.00,0.88
484,212.00,225.00,32.00,41.00,0.87
485,233.00,225.00,32.00,39.00,0.89
486,254.00,226.00,28.00,36.00,0.81
487,278.00,226.00,29.00,38.00,0.85
488,312.00,225.00,26.00,35.00,0.84
489,338.00,225.00,30.00,39.00,0.83
490,361.00,226.00,30.00,38.00,0.83
491,392.00,225.00,29.00,37.00,0.84
492,426.00,227.00,32.00,37.00,0.77
493,450.00,226.00,25.00,34.00,0.80
494,475.00,226.00,23.00,33.00,0.82
495,495.00,226.00,24.00,32.00,0.75
496,510.00,229.00,26.00,36.00,0.73
497,515.00,224.00,28.00,39.00,0.78
498,515.00,224.00,29.00,40.00,0.77
499,515.00,224.00,20.00,32.00,0.75
500,507.00,225.00,19.00,29.00,0.77
501,498.00,225.00,21.00,30.00,0.77
502,472.00,226.00,34.00,42.00,0.80
503,456.00,226.00,33.00,40.00,0.76
504,442.00,224.00,21.00,32.00,0.76
505,422.00,221.00,19.00,26.00,0.72
506,392.00,225.00,24.00,34.00,0.77
507,351.00,223.00,29.00,37.00,0.81
508,319.00,222.00,31.00,39.00,0.84
509,295.00,224.00,29.00,38.00,0.87
510,257.00,226.00,28.00,35.00,0.81
511,237.00,226.00,29.00,36.00,0.81
512,221.00,225.00,30.00,37.00,0.85
513,210.00,226.00,33.00,43.00,0.86
514,206.00,226.00,31.00,39.00,0.86
515,211.00,228.00,32.00,40.00,0.85
516,220.00,226.00,30.00,37.00,0.86
517,231.00,227.00,30.00,39.00,0.88
518,253.00,227.00,29.00,37.00,0.83
519,282.00,229.00,31.00,39.00,0.81
520,306.00,228.00,29.00,37.00,0.81
521,338.00,226.00,24.00,32.00,0.78
522,369.00,226.00,26.00,34.00,0.81
523,392.00,227.00,31.00,38.00,0.84
524,434.00,225.00,21.00,31.00,0.78
525,458.00,229.00,32.00,38.00,0.80
526,476.00,229.00,32.00,39.00,0.81
527,495.00,230.00,29.00,38.00,0.82
528,506.00,229.00,23.00,33.00,0.81
529,507.00,229.00,23.00,33.00,0.82
530,499.00,230.00,28.00,37.00,0.80
531,487.00,229.00,29.00,39.00,0.83
532,460.00,230.00,30.00,38.00,0.82
533,427.00,228.00,22.00,32.00,0.81
534,390.00,229.00,25.00,34.00,0.68
535,338.00,229.00,30.00,39.00,0.83
536,293.00,228.00,32.00,41.00,0.85
537,258.00,228.00,32.00,41.00,0.85
538,213.00,227.00,32.00,41.00,0.86
539,179.00,229.00,34.00,42.00,0.87
540,130.00,230.00,34.00,42.00,0.88
541,86.00,229.00,35.00,42.00,0.84
542,59.00,228.00,35.00,41.00,0.88
543,42.00,228.00,34.00,41.00,0.88
544,40.00,229.00,35.00,43.00,0.87
545,51.00,229.00,33.00,40.00,0.88
546,68.00,231.00,35.00,42.00,0.88
547,97.00,230.00,35.00,42.00,0.85
548,133.00,230.00,33.00,40.00,0.83
549,168.00,229.00,32.00,39.00,0.85
550,207.00,231.00,30.00,38.00,0.76
551,268.00,231.00,30.00,38.00,0.83
552,320.00,231.00,29.00,38.00,0.81
553,374.00,230.00,27.00,37.00,0.76
554,422.00,230.00,32.00,40.00,0.75
555,467.00,230.00,30.00,38.00,0.75
556,500.00,231.00,24.00,34.00,0.82
558,522.00,227.00,20.00,27.00,0.68
561,514.00,227.00,20.00,33.00,0.76
562,496.00,225.00,23.00,33.00,0.76
563,472.00,226.00,32.00,39.00,0.81
564,458.00,225.00,28.00,36.00,0.82
565,434.00,221.00,22.00,31.00,0.76
566,412.00,224.00,29.00,36.00,0.77
567,393.00,223.00,23.00,33.00,0.79
568,367.00,220.00,31.00,38.00,0.83
569,347.00,217.00,32.00,34.00,0.73
570,336.00,218.00,31.00,37.00,0.80
571,329.00,219.00,25.00,34.00,0.84
572,328.00,223.00,30.00,38.00,0.81
573,336.00,222.00,31.00,38.00,0.80
574,349.00,221.00,29.00,36.00,0.80
575,376.00,224.00,24.00,35.00,0.78
576,403.00,225.00,31.00,39.00,0.79
577,441.00,224.00,26.00,35.00,0.81
578,478.00,221.00,25.00,31.00,0.77
583,513.00,220.00,36.00,43.00,0.75
584,499.00,218.00,34.00,39.00,0.76
585,480.00,217.00,30.00,36.00,0.78
586,454.00,216.00,31.00,31.00,0.71
587,424.00,218.00,32.00,39.00,0.83
588,392.00,216.00,31.00,37.00,0.86
589,357.00,216.00,31.00,35.00,0.75
590,320.00,215.00,31.00,35.00,0.82
591,282.00,218.00,30.00,39.00,0.88
592,241.00,217.00,31.00,37.00,0.85
593,192.00,221.00,32.00,40.00,0.87
594,143.00,223.00,32.00,39.00,0.85
595,109.00,224.00,33.00,40.00,0.87
596,63.00,225.00,35.00,42.00,0.83
597,24.00,228.00,36.00,43.00,0.83
598,8.00,228.00,17.00,35.00,0.76
599,5.00,222.00,10.00,33.00,0.68
602,9.00,230.00,19.00,29.00,0.68
603,32.00,228.00,35.00,42.00,0.86
604,69.00,228.00,34.00,41.00,0.84
605,121.00,225.00,31.00,39.00,0.88
606,172.00,226.00,31.00,38.00,0.86
607,222.00,224.00,31.00,39.00,0.82
608,273.00,225.00,31.00,39.00,0.83
609,334.00,224.00,27.00,34.00,0.79
610,376.00,224.00,21.00,32.00,0.77
611,424.00,225.00,29.00,37.00,0.82
612,476.00,225.00,20.00,30.00,0.79
613,501.00,227.00,22.00,32.00,0.82
614,507.00,224.00,19.00,27.00,0.73
617,525.00,224.00,19.00,29.00,0.74
618,499.00,224.00,23.00,33.00,0.82
619,476.00,225.00,22.00,33.00,0.80
620,436.00,227.00,29.00,38.00,0.77
621,402.00,224.00,26.00,35.00,0.80
622,370.00,226.00,30.00,38.00,0.82
623,337.00,224.00,30.00,37.00,0.79
624,293.00,223.00,30.00,39.00,0.85
625,255.00,224.00,30.00,37.00,0.81
626,207.00,221.00,32.00,40.00,0.87
627,158.00,219.00,33.00,41.00,0.89
628,113.00,218.00,35.00,39.00,0.78
629,75.00,220.00,35.00,44.00,0.87
630,48.00,221.00,37.00,44.00,0.85
631,41.00,220.00,36.00,45.00,0.80
632,43.00,220.00,36.00,45.00,0.87
633,59.00,218.00,35.00,42.00,0.87
634,85.00,216.00,35.00,41.00,0.82
635,121.00,218.00,34.00,40.00,0.81
636,164.00,220.00,34.00,42.00,0.83
637,224.00,219.00,32.00,39.00,0.87
638,278.00,224.00,31.00,40.00,0.85
639,336.00,224.00,26.00,34.00,0.81
640,392.00,224.00,22.00,32.00,0.72
641,424.00,222.00,32.00,39.00,0.74
642,467.00,222.00,30.00,38.00,0.70
643,506.00,220.00,22.00,31.00,0.71
644,504.00,219.00,21.00,29.00,0.77
645,517.00,224.00,28.00,40.00,0.72
646,505.00,223.00,23.00,34.00,0.79
647,476.00,222.00,29.00,35.00,0.77
648,440.00,224.00,30.00,38.00,0.78
649,406.00,219.00,29.00,37.00,0.79
650,333.00,217.00,32.00,39.00,0.78
651,289.00,216.00,32.00,37.00,0.83
652,254.00,217.00,31.00,36.00,0.82
653,191.00,220.00,32.00,40.00,0.88
654,140.00,220.00,33.00,42.00,0.88
655,97.00,220.00,36.00,43.00,0.87
656,68.00,221.00,36.00,45.00,0.84
657,40.00,222.00,37.00,47.00,0.82
658,27.00,221.00,36.00,45.00,0.82
659,21.00,221.00,34.00,43.00,0.74
660,24.00,219.00,33.00,40.00,0.81
661,37.00,218.00,36.00,43.00,0.82
662,58.00,218.00,36.00,43.00,0.82
663,78.00,221.00,34.00,42.00,0.89
664,113.00,221.00,36.00,44.00,0.87
665,151.00,223.00,33.00,41.00,0.77
666,204.00,224.00,30.00,38.00,0.88
667,250.00,224.00,30.00,38.00,0.87
668,287.00,221.00,31.00,39.00,0.85
669,334.00,219.00,29.00,34.00,0.79
670,367.00,223.00,31.00,39.00,0.79
672,451.00,218.00,20.00,28.00,0.79
673,464.00,218.00,27.00,35.00,0.80
674,476.00,220.00,31.00,38.00,0.79
675,491.00,219.00,24.00,34.00,0.74
676,475.00,219.00,36.00,43.00,0.79
677,456.00,221.00,33.00,38.00,0.71
678,431.00,220.00,35.00,44.00,0.83
679,384.00,215.00,32.00,37.00,0.79
680,335.00,215.00,31.00,33.00,0.75
681,290.00,216.00,32.00,36.00,0.78
682,214.00,218.00,31.00,38.00,0.70
683,159.00,217.00,32.00,37.00,0.80
695,47.00,221.00,36.00,43.00,0.84
696,95.00,220.00,34.00,41.00,0.86
697,159.00,219.00,33.00,39.00,0.86
698,211.00,220.00,33.00,40.00,0.79
699,288.00,222.00,31.00,39.00,0.84
700,351.00,222.00,30.00,36.00,0.77
701,410.00,220.00,31.00,38.00,0.75
703,520.00,219.00,26.00,35.00,0.67
706,520.00,220.00,27.00,36.00,0.74
707,490.00,221.00,27.00,37.00,0.78
708,457.00,219.00,33.00,34.00,0.66
710,360.00,221.00,28.00,37.00,0.79
711,289.00,220.00,33.00,41.00,0.81
712,241.00,219.00,33.00,39.00,0.70
713,167.00,221.00,35.00,43.00,0.71
714,119.00,222.00,34.00,44.00,0.81
715,63.00,218.00,34.00,40.00,0.82
716,20.00,216.00,35.00,40.00,0.77
729,76.00,210.00,30.00,32.00,0.85
730,120.00,213.00,33.00,36.00,0.74
731,177.00,215.00,34.00,37.00,0.77
732,233.00,217.00,32.00,37.00,0.73
733,278.00,219.00,33.00,41.00,0.76
734,334.00,221.00,31.00,38.00,0.77
735,390.00,221.00,29.00,38.00,0.76
736,441.00,219.00,33.00,39.00,0.74
737,491.00,216.00,32.00,32.00,0.72
739,538.00,221.00,30.00,38.00,0.68
741,514.00,226.00,31.00,40.00,0.75
742,482.00,225.00,34.00,43.00,0.81
743,443.00,223.00,30.00,34.00,0.67
744,396.00,219.00,27.00,31.00,0.74
745,334.00,217.00,28.00,31.00,0.75
746,263.00,220.00,33.00,40.00,0.70
747,206.00,218.00,32.00,39.00,0.82
748,146.00,217.00,34.00,38.00,0.80
749,94.00,214.00,26.00,28.00,0.67
760,19.00,223.00,28.00,37.00,0.73
761,53.00,222.00,33.00,42.00,0.82
762,104.00,224.00,33.00,42.00,0.84
763,149.00,225.00,33.00,41.00,0.81
764,206.00,226.00,31.00,37.00,0.83
765,265.00,229.00,32.00,40.00,0.82
766,327.00,229.00,28.00,37.00,0.78
767,375.00,230.00,23.00,35.00,0.68
768,419.00,229.00,25.00,34.00,0.72
769,474.00,229.00,28.00,36.00,0.75
773,521.00,228.00,21.00,30.00,0.71
774,495.00,228.00,28.00,37.00,0.81
777,401.00,223.00,24.00,33.00,0.78
778,362.00,223.00,22.00,32.00,0.76
780,245.00,222.00,31.00,40.00,0.84
781,174.00,222.00,32.00,39.00,0.86
782,124.00,223.00,31.00,39.00,0.87
783,52.00,223.00,36.00,44.00,0.78
784,5.00,219.00,10.00,28.00,0.66
794,36.00,227.00,35.00,40.00,0.83
795,106.00,229.00,36.00,43.00,0.86
796,192.00,228.00,32.00,38.00,0.79
800,466.00,230.00,27.00,36.00,0.75
805,507.00,225.00,20.00,30.00,0.80
806,479.00,223.00,25.00,33.00,0.79
807,449.00,222.00,21.00,30.00,0.77
808,408.00,227.00,29.00,37.00,0.83
809,370.00,225.00,25.00,33.00,0.79
810,314.00,225.00,31.00,39.00,0.84
811,258.00,224.00,33.00,42.00,0.84
812,211.00,224.00,32.00,43.00,0.86
813,162.00,225.00,33.00,42.00,0.86
814,115.00,222.00,35.00,43.00,0.84
815,70.00,223.00,35.00,44.00,0.84
816,28.00,223.00,33.00,42.00,0.87
817,7.00,224.00,15.00,36.00,0.79
821,5.00,223.00,11.00,34.00,0.76
822,18.00,228.00,33.00,41.00,0.74
823,67.00,224.00,37.00,44.00,0.86
824,125.00,225.00,32.00,38.00,0.86
825,180.00,225.00,32.00,42.00,0.86
826,239.00,222.00,28.00,35.00,0.79
827,308.00,226.00,32.00,39.00,0.73
828,365.00,227.00,26.00,33.00,0.75
829,418.00,226.00,22.00,31.00,0.78
830,475.00,226.00,19.00,29.00,0.80
831,520.00,228.00,23.00,35.00,0.73
835,505.00,230.00,24.00,35.00,0.79
836,482.00,230.00,25.00,36.00,0.82
837,449.00,230.00,29.00,39.00,0.80
838,411.00,231.00,31.00,38.00,0.80
839,374.00,230.00,28.00,38.00,0.78
840,338.00,230.00,31.00,40.00,0.81
841,282.00,228.00,33.00,41.00,0.87
842,237.00,229.00,30.00,37.00,0.78
843,191.00,229.00,31.00,36.00,0.79
844,145.00,230.00,35.00,41.00,0.84
845,90.00,230.00,35.00,42.00,0.87
846,41.00,230.00,34.00,42.00,0.87
847,12.00,231.00,22.00,33.00,0.72
851,5.00,228.00,11.00,32.00,0.68
853,66.00,234.00,37.00,42.00,0.78
854,104.00,234.00,38.00,42.00,0.73
857,267.00,232.00,30.00,36.00,0.83
858,316.00,230.00,30.00,38.00,0.81
859,363.00,230.00,28.00,37.00,0.73
860,394.00,231.00,29.00,35.00,0.68
862,473.00,235.00,22.00,32.00,0.71
867,499.00,235.00,22.00,32.00,0.72
869,458.00,234.00,22.00,32.00,0.65
871,397.00,232.00,29.00,36.00,0.73
872,357.00,233.00,28.00,36.00,0.75
874,292.00,234.00,26.00,31.00,0.66
875,269.00,233.00,29.00,37.00,0.77
877,244.00,234.00,30.00,38.00,0.82
878,246.00,233.00,32.00,40.00,0.82
879,260.00,236.00,27.00,33.00,0.67
880,275.00,234.00,29.00,37.00,0.77
881,301.00,236.00,25.00,33.00,0.71
892,496.00,238.00,25.00,36.00,0.66
893,469.00,236.00,23.00,33.00,0.71
902,123.00,235.00,25.00,31.00,0.67
903,90.00,233.00,35.00,39.00,0.72
904,67.00,234.00,34.00,39.00,0.77
905,42.00,234.00,25.00,31.00,0.79
906,38.00,231.00,33.00,33.00,0.71
907,49.00,232.00,34.00,39.00,0.81
908,65.00,231.00,36.00,40.00,0.82
909,100.00,230.00,35.00,41.00,0.87
910,140.00,230.00,33.00,39.00,0.88
911,199.00,230.00,32.00,40.00,0.85
912,243.00,230.00,31.00,41.00,0.86
913,300.00,229.00,30.00,38.00,0.81
914,358.00,229.00,28.00,38.00,0.77
915,559.00,219.00,17.00,25.00,0.68
916,459.00,226.00,29.00,35.00,0.70
917,518.00,227.00,20.00,30.00,0.83
919,537.00,223.00,19.00,26.00,0.66
920,531.00,223.00,19.00,28.00,0.76
921,508.00,227.00,20.00,32.00,0.79
922,464.00,229.00,26.00,35.00,0.80
923,420.00,228.00,24.00,33.00,0.77
924,357.00,229.00,25.00,34.00,0.72
925,298.00,227.00,32.00,39.00,0.78
926,253.00,225.00,29.00,35.00,0.78
927,195.00,227.00,33.00,42.00,0.86
928,128.00,227.00,34.00,41.00,0.85
929,76.00,227.00,36.00,42.00,0.88
930,32.00,227.00,36.00,43.00,0.84
931,10.00,224.00,20.00,36.00,0.81
933,5.00,224.00,10.00,36.00,0.69
934,9.00,224.00,19.00,35.00,0.71
935,27.00,225.00,32.00,39.00,0.83
937,119.00,225.00,34.00,42.00,0.74
938,188.00,221.00,33.00,41.00,0.87
939,246.00,223.00,31.00,39.00,0.85
940,299.00,222.00,31.00,39.00,0.83
941,342.00,220.00,30.00,37.00,0.76
942,376.00,220.00,24.00,34.00,0.78
943,393.00,221.00,26.00,36.00,0.81
944,398.00,221.00,30.00,36.00,0.78
945,391.00,223.00,32.00,39.00,0.80
946,378.00,222.00,24.00,34.00,0.76
947,344.00,222.00,29.00,37.00,0.80
948,308.00,222.00,33.00,41.00,0.82
949,260.00,221.00,32.00,41.00,0.85
950,227.00,223.00,31.00,41.00,0.86
951,188.00,224.00,32.00,39.00,0.87
952,160.00,226.00,33.00,41.00,0.86
953,136.00,229.00,35.00,42.00,0.86
954,113.00,229.00,35.00,43.00,0.87
955,101.00,229.00,35.00,42.00,0.84
956,103.00,229.00,36.00,43.00,0.83
957,112.00,228.00,35.00,43.00,0.86
958,129.00,229.00,35.00,42.00,0.86
959,152.00,230.00,36.00,43.00,0.83
964,371.00,232.00,25.00,34.00,0.72
965,394.00,228.00,31.00,38.00,0.84
966,419.00,228.00,30.00,38.00,0.81
967,426.00,228.00,31.00,38.00,0.84
968,425.00,229.00,34.00,40.00,0.79
969,416.00,231.00,24.00,34.00,0.77
970,392.00,232.00,24.00,35.00,0.68
973,269.00,232.00,29.00,36.00,0.71
975,195.00,232.00,34.00,42.00,0.85
976,147.00,231.00,34.00,39.00,0.83
977,98.00,231.00,35.00,41.00,0.86
978,63.00,232.00,33.00,36.00,0.80
979,17.00,234.00,33.00,40.00,0.78
980,549.00,224.00,29.00,43.00,0.70
982,590.00,214.00,20.00,24.00,0.74
983,4.00,224.00,8.00,26.00,0.66
984,9.00,231.00,18.00,36.00,0.70
985,27.00,229.00,34.00,42.00,0.87
986,61.00,229.00,34.00,40.00,0.88
987,93.00,229.00,34.00,41.00,0.88
988,129.00,231.00,34.00,40.00,0.80
989,158.00,230.00,33.00,37.00,0.81
990,205.00,232.00,29.00,36.00,0.75
994,362.00,235.00,20.00,31.00,0.66
997,361.00,235.00,22.00,31.00,0.65
1003,135.00,230.00,17.00,27.00,0.67
1004,93.00,232.00,33.00,38.00,0.81
1005,45.00,232.00,34.00,39.00,0.85
1007,9.00,234.00,19.00,36.00,0.66
1008,7.00,233.00,15.00,34.00,0.72
1009,13.00,234.00,24.00,34.00,0.71
1010,33.00,233.00,33.00,40.00,0.84
1011,59.00,233.00,33.00,39.00,0.73
1012,98.00,234.00,36.00,39.00,0.72
1013,139.00,235.00,29.00,33.00,0.74
1014,598.00,213.00,23.00,24.00,0.67
1015,603.00,214.00,21.00,24.00,0.71
1020,425.00,236.00,21.00,32.00,0.69
1022,445.00,235.00,18.00,31.00,0.67
1023,437.00,236.00,23.00,33.00,0.70
1030,285.00,236.00,24.00,32.00,0.69
1031,262.00,236.00,32.00,39.00,0.81
1032,246.00,236.00,25.00,33.00,0.67
1033,225.00,237.00,26.00,35.00,0.66
1034,214.00,236.00,33.00,37.00,0.78
1035,210.00,236.00,24.00,33.00,0.73
1036,211.00,237.00,26.00,34.00,0.71
1037,214.00,237.00,29.00,35.00,0.74
1039,250.00,244.00,22.00,32.00,0.72
1044,406.00,206.00,13.00,15.00,0.71
1066,605.00,225.00,20.00,30.00,0.73
1073,5.00,221.00,10.00,29.00,0.71
1075,38.00,223.00,37.00,47.00,0.81
1076,63.00,220.00,36.00,43.00,0.88
1077,108.00,218.00,36.00,43.00,0.85
1078,148.00,215.00,35.00,40.00,0.81
1079,190.00,215.00,32.00,38.00,0.89
1080,231.00,217.00,32.00,39.00,0.81
1081,261.00,215.00,31.00,37.00,0.84
1082,295.00,215.00,31.00,36.00,0.86
1083,323.00,214.00,32.00,37.00,0.84
1084,340.00,214.00,32.00,37.00,0.82
1085,492.00,249.00,16.00,21.00,0.74
1086,362.00,215.00,30.00,36.00,0.87
1087,361.00,213.00,31.00,35.00,0.87
1088,491.00,249.00,16.00,22.00,0.74
1089,335.00,212.00,33.00,32.00,0.81
1090,309.00,213.00,33.00,37.00,0.78
1091,273.00,213.00,31.00,34.00,0.80
1092,246.00,216.00,31.00,36.00,0.79
1093,200.00,217.00,32.00,39.00,0.83
1094,160.00,215.00,35.00,38.00,0.75
1095,118.00,216.00,33.00,38.00,0.77
1096,75.00,209.00,31.00,33.00,0.84
1104,491.00,249.00,15.00,21.00,0.71
1106,491.00,248.00,18.00,24.00,0.67
1107,490.00,248.00,18.00,23.00,0.67
1108,489.00,248.00,19.00,24.00,0.69
1109,491.00,249.00,17.00,22.00,0.72
1110,490.00,249.00,18.00,23.00,0.72
1111,491.00,250.00,16.00,22.00,0.74
1112,492.00,249.00,16.00,22.00,0.74
1116,6.00,217.00,12.00,27.00,0.70
1117,23.00,224.00,34.00,46.00,0.83
1118,49.00,221.00,35.00,41.00,0.79
1119,91.00,223.00,31.00,39.00,0.88
1120,130.00,225.00,33.00,41.00,0.86
1121,169.00,226.00,33.00,40.00,0.89
1122,207.00,226.00,31.00,36.00,0.81
1123,245.00,226.00,30.00,37.00,0.78
1124,276.00,228.00,32.00,40.00,0.83
1125,303.00,225.00,27.00,34.00,0.78
1126,318.00,224.00,29.00,37.00,0.81
1127,335.00,223.00,28.00,35.00,0.80
1128,345.00,224.00,26.00,35.00,0.84
1129,344.00,225.00,29.00,38.00,0.88
1130,338.00,223.00,31.00,39.00,0.81
1131,326.00,224.00,30.00,38.00,0.80
1132,309.00,224.00,31.00,41.00,0.84
1133,281.00,220.00,31.00,39.00,0.83
1134,254.00,220.00,31.00,38.00,0.86
1135,221.00,219.00,31.00,38.00,0.89
1136,187.00,220.00,32.00,40.00,0.89
1137,152.00,220.00,33.00,42.00,0.85
1138,126.00,217.00,33.00,38.00,0.87
1139,96.00,216.00,32.00,35.00,0.74
1140,85.00,216.00,36.00,38.00,0.80
1141,74.00,217.00,35.00,42.00,0.86
1142,75.00,214.00,33.00,39.00,0.89
1143,85.00,212.00,34.00,36.00,0.82
1144,97.00,212.00,33.00,35.00,0.79
1145,117.00,212.00,33.00,34.00,0.81
1146,144.00,216.00,33.00,38.00,0.81
1147,182.00,212.00,30.00,35.00,0.86
1148,218.00,213.00,30.00,35.00,0.84
1149,255.00,211.00,28.00,30.00,0.75
1150,304.00,210.00,29.00,31.00,0.83
1151,345.00,209.00,25.00,28.00,0.81
1152,381.00,213.00,29.00,34.00,0.85
1153,413.00,209.00,27.00,30.00,0.80
1154,448.00,208.00,28.00,27.00,0.81
1155,486.00,212.00,30.00,35.00,0.70
1157,492.00,249.00,16.00,22.00,0.67
1158,323.00,248.00,16.00,23.00,0.66
1160,512.00,219.00,25.00,34.00,0.73
1161,488.00,227.00,36.00,40.00,0.75
1162,470.00,229.00,26.00,36.00,0.80
1163,433.00,229.00,24.00,34.00,0.81
1164,403.00,232.00,33.00,40.00,0.77
1165,367.00,232.00,26.00,35.00,0.72
1168,229.00,229.00,33.00,42.00,0.86
1169,170.00,228.00,33.00,41.00,0.87
1170,92.00,225.00,32.00,39.00,0.88
1180,20.00,223.00,35.00,44.00,0.80
1181,70.00,224.00,35.00,44.00,0.75
1182,133.00,222.00,34.00,42.00,0.69
1183,194.00,218.00,32.00,35.00,0.75
1184,248.00,221.00,32.00,40.00,0.70
1185,287.00,219.00,31.00,38.00,0.87
1186,324.00,220.00,33.00,40.00,0.80
1187,355.00,220.00,33.00,39.00,0.77
1188,367.00,219.00,28.00,34.00,0.78
1189,366.00,221.00,23.00,29.00,0.71
1190,350.00,221.00,31.00,39.00,0.80
1191,326.00,220.00,31.00,37.00,0.77
1192,291.00,221.00,32.00,39.00,0.76
1193,246.00,222.00,32.00,41.00,0.85
1194,194.00,218.00,32.00,35.00,0.76
1195,124.00,218.00,33.00,41.00,0.88
1196,43.00,219.00,36.00,43.00,0.80
1197,5.00,215.00,11.00,27.00,0.66
1208,47.00,221.00,35.00,43.00,0.84
1209,88.00,223.00,33.00,40.00,0.74
1210,122.00,223.00,31.00,39.00,0.88
1211,165.00,226.00,33.00,41.00,0.86
1212,199.00,228.00,32.00,40.00,0.88
1213,239.00,228.00,29.00,37.00,0.82
1214,277.00,229.00,32.00,41.00,0.83
1215,311.00,228.00,29.00,38.00,0.81
1216,340.00,231.00,32.00,40.00,0.78
1217,364.00,230.00,30.00,37.00,0.82
1218,384.00,229.00,24.00,33.00,0.80
1219,394.00,229.00,30.00,37.00,0.80
1220,395.00,229.00,31.00,38.00,0.82
1221,385.00,227.00,25.00,33.00,0.77
1222,362.00,226.00,30.00,37.00,0.79
1223,338.00,225.00,31.00,40.00,0.84
1224,318.00,222.00,28.00,35.00,0.78
1225,267.00,224.00,30.00,38.00,0.88
1226,218.00,221.00,31.00,40.00,0.87
1227,163.00,215.00,33.00,34.00,0.74
1228,492.00,248.00,16.00,23.00,0.67
1230,74.00,210.00,14.00,19.00,0.66
1234,460.00,224.00,22.00,32.00,0.66
1235,74.00,210.00,15.00,20.00,0.65
1236,74.00,210.00,14.00,19.00,0.65
1243,74.00,210.00,14.00,19.00,0.68
1247,74.00,211.00,13.00,17.00,0.66
1252,74.00,210.00,14.00,19.00,0.67
1258,74.00,210.00,14.00,19.00,0.65
1261,74.00,210.00,14.00,19.00,0.68
1263,74.00,211.00,14.00,20.00,0.67
1264,74.00,210.00,14.00,19.00,0.67
1267,459.00,227.00,23.00,35.00,0.67
1268,74.00,210.00,15.00,20.00,0.66
1271,74.00,210.00,14.00,19.00,0.66
1272,74.00,210.00,14.00,19.00,0.66
1277,74.00,211.00,14.00,18.00,0.66
1278,74.00,210.00,15.00,20.00,0.65
1281,74.00,210.00,15.00,19.00,0.67
1283,74.00,210.00,14.00,19.00,0.67
1288,74.00,210.00,15.00,19.00,0.67
1294,74.00,210.00,15.00,19.00,0.67
1296,74.00,210.00,14.00,19.00,0.68
1297,74.00,210.00,15.00,19.00,0.66
1298,75.00,211.00,14.00,18.00,0.67
1300,74.00,210.00,15.00,20.00,0.67
1302,74.00,210.00,15.00,19.00,0.69
1303,74.00,210.00,14.00,19.00,0.66
1304,74.00,210.00,15.00,20.00,0.67
